{"accuracy": 0.9016393442622951, "precision": 0.9333333333333333, "recall": 0.875, "f1_score": 0.9032258064516129, "roc_auc": 0.9304956896551724}