{"accuracy": 0.8852459016393442, "precision": 0.8787878787878788, "recall": 0.90625, "f1_score": 0.8923076923076924, "roc_auc": 0.9202586206896551}